No,Full name,Professional qualification,Class,Institutional affiliation and address for service,Source,Consent,In coverage
1,Dr. Kwame Mensah,PhD in Project Management,Fellow,University of Ghana, Department of Building Technology, Legon, Accra, Ghana. Email: kwame.mensah@ug.edu.gh,Schedule of Members,Yes,Yes
2,Prof. Adjoa Asante,MSc Civil Engineering,Fellow,Kwame Nkrumah University of Science and Technology, Kumasi, Ghana. Email: adjoa.asante@knust.edu.gh,Schedule of Members,Yes,Yes
3,Mr. Emmanuel Osei,BSc Quantity Surveying,Member,Archibuild Consultants Ltd, Accra, Ghana. Email: emmanuel.osei@archibuild.com,Schedule of Members,Yes,Yes
4,Ms. Fatima Diallo,MBA Project Management,Associate,Deloitte West Africa, Abidjan, Côte d'Ivoire. Email: fatima.diallo@deloitte.com,Schedule of Members,Yes,Yes
5,Dr. Ibrahim Khaled,PhD Construction Law,Fellow,African Development Bank, Abidjan, Côte d'Ivoire. Email: i.khaled@afdb.org,Schedule of Members,Yes,Yes
6,Eng. Grace Wanjiku,BSc Civil Engineering,Member,Ministry of Transport, Nairobi, Kenya. Email: grace.wanjiku@transport.go.ke,Schedule of Members,Yes,Yes
7,Prof. Chenai Matenga,PhD Architecture,Fellow,University of Zimbabwe, Harare, Zimbabwe. Email: chenai.matenga@uz.ac.zw,Schedule of Members,Yes,Yes
8,Mr. Tunde Bakare,MSc Estate Management,Associate,PwC Nigeria, Lagos, Nigeria. Email: tunde.bakare@pwc.com,Schedule of Members,Yes,Yes
9,Dr. Nneka Okafor,PhD Urban Planning,Member,UN-Habitat, Nairobi, Kenya. Email: nneka.okafor@unhabitat.org,Schedule of Members,Yes,Yes
10,Ms. Aisha Mohammed,BSc Building Technology,Student,University of Lagos, Lagos, Nigeria. Email: aisha.mohammed@unilag.edu.ng,Schedule of Members,Yes,Yes
